company,job_name,job_content,job_exp,job_require,job_welfare,job_contact,URL,Linux,Python,MySQL,MongoDB,R,ETL,Docker,Tableau,PowerBI,Data Analysis,Machine Learning,AI,Kafka,Hadoop,Spark,Cloud
富甲貿易有限公司,財務會計人員,"1. 負責應收應付帳務審查與撥款作業
2. 損益月報及年報之數據分析 (與外部記帳合作)
3. 協同外部會計師事務所完成稅務申報作業
4. 製作資產負債表、现金預估表…
5. 門市盤点及季盤點
7. 執行員工薪資計算與獎金核發、勞健保加退、
8. 執行文中、人事出缺勤、ERP系統
9 總務行政、文具採買…庶務工作
10.視工作經驗薪水可另議",工作經驗:不拘,接受身分:,,聯絡人:郭先生0972250235email:,https://www.104.com.tw/job/ajax/content/7yuj1,0,0,0,0,0,0,0,0,0,0,0,0,0,0,0,0
垣展企業有限公司,國外業務開發(熟日文&英文),"＊	開發國外新客戶，開拓海外市場，實現業績目標。	
＊	操作電商平台（Alibaba, 台灣經貿網）、熟悉關鍵字行銷及EDM企劃及撰寫。
＊	蒐集市場/產品/客戶資料及情報，訂定行銷業務計劃。
＊	熟悉進出口三角貿易，接單、下單給廠商、出口單據製作等。
＊	參加國際性展覽及規劃展品、行銷、運輸相關事宜。
＊	主管交辦事項。

",工作經驗:3年以上,接受身分:,"◆ 獎金/禮品類
  ＊年終獎金
  ＊三節獎金
  ＊尾牙禮品
  ＊尾牙餐敘
◆ 保險類
    ＊海外差旅平安保險
◆ 制度類
   ＊開發績效獎金
   ＊業績目標獎金
◆ 補助類 
   ＊結婚禮金
   ＊員工進修補助
   ＊健康檢查補助",聯絡人:廖苑君email:,https://www.104.com.tw/job/ajax/content/7yghy,0,0,0,0,0,0,0,0,0,0,0,0,0,0,0,0
美商勞倫斯科技股份有限公司台灣分公司,UI UX Designer 使用者介面與經驗設計,"As a UI UX Designer at RTL, you will...

1. identify and understand problems and gaps within our about-to-launch product, IDA, a data analytics platform.
2. independently come up with innovative and well-thought-out concepts that not only address user needs but also are intuitive to use.
3. turn innovative concepts into beautiful mockups and interactive prototypes. Preferably, you are highly experience in the wireframe tool - Figma.
4. work closely with developers to ensure your designs are implemented with excellent user experience.
5. work closely with designer as thought partner to create an innovative, intuitive, and consistent user experience and user interface for IDA.
6. along with designer, consolidate a consistent UI framework. Preferably, you are strong at UI and visual design and have experience in coming up with a Design System in Figma from scratch.
7. articulate clearly in English your design concepts and discuss closely with various team members. 
8. start work at 4am (winter time starting at 5am) in order to collaborate with team members in the US. Total work hour is 8 hours per day. You will work from home starting at 4am and work at the office from 8am.

身為RTL的使用者介面與經驗設計，您將會
1.找出並深入了解 RTL 的新產品IDA（數據分析平台）上的設計問題與使用者需求。
2.獨立思考並提出創新且經過深思熟慮的設計概念，這些概念不僅滿足用戶需求，而且是非常直覺性的。
3.將設計概念轉化為高保真模型(high fidelity mockups) 與可互動的原型 (interactive prototypes)。並且，你對線框圖工具Figma有豐富的經驗。
4.與開發人員緊密合作，確保你的設計被完整的實現並有出色的用戶體驗。
5.與我們的設計師緊密合作，為IDA創建創新，直觀，一致的用戶體驗和用戶界面。
6.與設計師合作，創建一致的UI框架。UI和視覺設計是你的強項，並且具有在Figma中提出設計系統 (Design System) 的經驗。
7.用英語清楚地表達你的設計概念，並與各個團隊成員進行密切討論。
8.早上4點開始工作（冬季時間從早上5點開始），以便與美國團隊成員進行協作。總工作時間為每天8小時。前半段在家上班，後半段進公司上班。",工作經驗:1年以上,接受身分:應屆畢業生、外籍人士、原住民、二度就業,"1.高於業界的月薪，固定13個月以上的年薪
2.優質工作環境, 第一年即享有10天特休假
3.週休二日
4.卓越技術貢獻獎勵
5.資深人員表揚
6.優於勞基法的特休假
7.三節禮品及生日賀禮
8.最新技術的輔導及深造輔助
9.豐富多元的福利活動
10.便捷的工作地點 
11.素質優良的同儕環境, 國際化職場環境","聯絡人:Christina Tangemail:larry.tong@rtlawrence.com,ginger.wang@rtlawrence.com,michael.castillo@rtlawrence.com",https://www.104.com.tw/job/ajax/content/76mft,0,0,0,0,0,0,0,0,0,0,0,0,0,0,0,0
神來也麻將_慧邦科技股份有限公司,MK 數位行銷專員,"負責一款神來也遊戲的海內外市場行銷推廣，達成產品行銷KPI，驅動成長!

【工作內容】
1. 行銷策略發想：依據市場變化與產品生命週期，規劃產品成長行銷策略，跨部門合作執行
2. 數位廣告優化：FB、Google等廣告投放，熟悉成效型(安裝優化/ROAS), 曝光型不同任務的媒體投放, 並能依KPI進行數據分析，優化成效
3. 素材創意發想：Youtube影音廣告腳本發想，並與影音團隊討論製作廣告
4. 市場調查執行：研究市場趨勢，了解玩家樣貌與行為
5. 行銷活動規劃：規劃線上線下行銷Campaign，包含尋找合適KOL/KOC/網紅/Youtuber合作、經營社群、線下活動等

【加分特質】
1. Experienced Advertiser，有廣告投手相關經驗佳
2. Curious Marketer，對流行時事與消費者感興趣，也喜歡從數據中找出大家不知道的訊息
3. Team Player，樂於與不同人合作，一起讓更多玩家認識神來也遊戲
4. Game Fanatic，愛麻將、撲克、桌遊、老虎機遊戲佳，精通規則的遊戲大師更好

【Gamesofa行銷禮包】
1. 首月完整訓練，由行銷、數據團隊專屬Mentor手把手帶你認識遊戲行銷的世界，讓你成為全方位行銷大師
 - 網路媒體進階操作
 - 媒體成效數據分析
 - 廣告創意發想
 - 遊戲數據分析

2. 不定期公司教育訓練及部門讀書會
 - 工作技能培養：文案課、簡報課、溝通課
 - 內部課程交流：廣告證照、媒體Guide Book、問題解決力等，網路課程資源及經驗交流
 - 外部訓練補助：英文課程補助、讀書會書籍補助

3. 進階專案執行時更將學會：市場策略規劃、專案管理、跨部門溝通

【關於Gamesofa行銷團隊】
1. 團隊氛圍：風氣活潑、和樂融洽，接受任何新想法激盪，更喜歡玩在一起
2. 組織扁平：溝通順暢有效率，新點子不用透過層層組織上傳
3. 追求成長：行銷世界變動快速，同仁們都熱愛學習與吸收新知，在這裡上班不無聊
3. 工作獨立：手握行銷預算讓你直接在市場中實戰投放，你不是執行任務的機器人，而是規劃執行的大腦

Gamesofa為台灣首屈一指棋牌類遊戲公司，主要經營台港澳、東南亞、美國市場，企劃、研發、行銷推廣皆由同仁一手包辦！
若你對於手遊行銷方式有豐富的想法、或鑽研目標市場提出自己的insight，馬上投遞履歷加入「沙發人」的行列，發揮行銷專業吧！

★想要更加了解慧邦科技嗎？歡迎到gamesofa careers看看！
https://www.facebook.com/GamesofaCareers/

【備註：薪資將依個人學、經歷核薪但不會低於提供範圍之下限】",工作經驗:1年以上,接受身分:,"熱情有幹勁的員工是我們最大的資產！
我們重視工作與生活平衡，2022年更是榮獲勞動部【工作生活平衡獎-彈性工作組】的肯定
歡迎加入優質的職場環境，跟著我們一起學習成長~~

【美好的辦公生活】
◆ 交通便利 - 捷運古亭站出口5秒內抵達 ，不怕日曬雨淋
◆ Mini bar - 無限量供應現煮/手沖咖啡、飲料、零食
◆ 娛樂區 - 飛鏢機 / PS4 / VR虛擬實境/Switch
◆ 明亮的辦公環境與休息區
◆ 放鬆室 - OSIM 按摩椅

【Gamesofa 顧生活】
◆ 保證年薪14個月
◆ 全薪病假15天
◆ 彈性上下班 & 週休二日
◆ 一週一天自由選擇工作場所
◆ 每日工時7小時(09:30-18:00)，午休90分鐘(12:00-13:30)
◆ 員工免費團體保險
◆ 行動上網吃到飽補助 & 運動補助
◆ 婚喪喜慶禮金
◆ 員工每年免費優質健檢 & 眼睛健檢補助
◆ 職護臨場諮詢服務 & 醫師提供一對一駐診 & 健康講座
◆ 員工協助方案 (EAP): 提供免費專業心理諮詢服務
◆ 哺乳室、寶寶禮盒、育兒津貼
◆ 免費肩頸按摩服務

【Gamesofa 學不完】
◆ 專業教育訓練：內部訓練(新人訓練、在職訓練)、外部訓練(可依自己職務需求量身訂做)
◆ 商業英語學習課程
◆ 多益報名費補助 & 獎勵金

【Gamesofa 玩很大】
◆ 生日假
◆ 部門聚餐
◆ 春酒buffet & 尾牙派對(抽獎)
◆ 秋遊免費攜伴參加
◆ 聖誕趴交換禮物
◆ 每年免費海外員工旅遊
   - 2011 峇里島 ClubMed
   - 2012 北海道滑雪
   - 2013 日本京都 / 大阪 / 神戶
   - 2014 關島
   - 2015 新加坡 / 民丹島 ClubMed
   - 2016 杜拜 / 北海道
   - 2017 長灘島 / 北海道
   - 2018 澳洲雪梨 / 沙巴
   - 2019 帛琉 / 名古屋
   - 2020 因應COVID-19疫情改發全額員旅獎金
   - 2021 因應COVID-19疫情改辦國內員旅
   - 2022 因應COVID-19疫情改辦國內員旅",聯絡人:HR Teamemail:,https://www.104.com.tw/job/ajax/content/7gwpr,0,0,0,0,0,0,0,0,0,0,0,0,0,0,0,0
銀鐸實業有限公司,臨床暨市場專員(北區) Clinical and Marketing Specialist,"- To work with physician, radiologist, nurse and all clinical technicians to optimize user-experiences.
- Help users establish confidence in device maneuvers. 
- Establish annual marketing plans.
- Help process documents for samples.



",工作經驗:2年以上,接受身分:,"•  Bonus (if applicable)
•  Vacation and a variety of leave benefits
•  Training and education opportunities
•  Free health check-up
•  Free soft drinks 
     
•  健全的薪資福利制度
•  勞保、健保、勞工退休金（公司依法提撥6%）及團保福利
•  一例一休、特休、女性同仁生理假及男性同仁陪產假與陪產檢假 
•  優於勞基法之公司休假日、捐血假
•  完善的教育訓練計劃及員工職涯規劃（產品專業知識課程）
•  形象建立/Office/報告技能/領導力發展等軟性課程
•  語文課程 (每年兩季）
•  健康檢查
•  婚喪喜慶補助
•  育兒津貼
•  藝文活動補貼
•  不定期團康活動
•  員工旅遊津貼及聚餐、尾牙
•  軟性飲料/零食供應 (全台辦公室)",聯絡人:林小姐email:,https://www.104.com.tw/job/ajax/content/5hy1j,0,0,0,0,0,0,0,0,0,0,0,0,0,0,0,0
鑫強科技有限公司,【績效獎金業界最高！歡迎社會新鮮人挑戰！】 線上遊戲推廣人員 ( 高額獎金制度/無經驗OK ),"✍️【工作內容】
1. 社群企劃與平台經營，每日運營( FB、IG、LINE、TIKTOK)，維持網路聲量及品質
2. 品牌社群規劃與企劃發想執行，提高曝光度/互動率，有效增加粉絲量和黏著度
3. 社群口碑操作，擅社群話題流行時事結合
4. 進行每月社群行銷運營的成效追踪，不定期社群數據分析。
5. 依公司需求，利用不同管道推廣、行銷及執行
6. 定期參加組長會議，分享推廣方法和經驗，幫助公司各推廣組共同進步

✍️【待遇】
．保障底薪32K起  未滿足月者 日薪1300/天
．高額獎金制度，努力肯花時間學習一定有成果
．兩個月轉正底薪即調至37k
．薪資制度透明化  績效工資、激勵獎金、業績提成
．完善升遷制度，有野心上進心者不怕沒地方發揮

 LINE : hank357984   私訊請表明來意

✍️【上班時間】:15:00-23:00  

✍️【休假: 】自行排休6天 、生理假1天

✍️【福利制度】：
1.完整有溫度的到職教育訓練   
2.享特休、婚假 、產假等勞基法規定之假別
3.年終獎金 、不定期的員工聚餐、旅遊
4.當個乖寶寶 上班不要睡覺 謝謝唷 

◾此工作為業務性質之工作◾
應徵前請先了解自己是否有以下特質： 
➊具抗壓性、有好的口語與文字表達能力 
➋正面、積極、主動，有禮貌、活潑 
➌外向活潑創新、擅長網路聊天、文字表達能力強 
➍抱有企圖心、想為自己爭取一份優渥的薪資
➎非誠勿擾，需長期穩定有責任感跟抗壓性的，禁時間觀念不佳跟草莓族
➏培養升遷為重，不再讓您領固定薪水，讓未來職業生涯更有展望性
➐歡迎想挑戰高薪，年輕有熱情的你加入我們的行列，一起並肩努力成長吧",工作經驗:不拘,接受身分:應屆畢業生、日間就讀中、夜間就讀中、研發替代役、外籍人士、原住民、二度就業、中壯齡、中高齡、高齡、更生人、學生實習,"年終獎金、娛樂當工作、工作獎金、彈性上下班、休閒設施、

獎 金 類：
年節獎金、年終獎金、三節獎金、禮品、激勵獎金、績效獎金

補 助 類：
員工手機配發或補助
其 他 類：
員工在職教育訓練、良好升遷制度",聯絡人:帥哥組長email:,https://www.104.com.tw/job/ajax/content/7uojg,0,0,0,0,0,0,0,0,0,0,0,0,0,0,0,0
【企業專案招募】104未來無限整合招募中心,【年收百萬不是夢】保障底薪不倒扣+優渥獎金_電話行銷專員(高雄)【企業專案招募】,"✦✧✦安達國際人壽保險股份有限公司✦✧✦

【公司介紹】
◆ 全球最大的產物保險與意外險上市公司
◆ 總部位於瑞士蘇黎世，於全球54個國家和地區開展業務
◆ 全通路保險專家，全方位服務
◆ 嚴謹風險控管，卓越承保能力
◆ 創新數位行銷，優化客戶體驗
◆ 精準數據分析，洞悉客戶需求
◆ 全球服務據點，專業理賠服務
◆ 堅強的財務實力，標準普爾 AA 及A.M. Best A++評級

【工作內容】
1.內勤業務工作, 無需擔心日曬雨淋,透過電話高效行銷,免人脈,撥打銀行客戶名單, 提供客戶專業的保險規劃.
2.企業品牌知名度高,產品具競爭力,客戶族群廣,不設業績門檻,成交就抽佣
3.教育訓練紮實,提供業務新手最佳學習環境

【工作地點】
高雄市三民區
高雄市苓雅區
高雄市新興區",工作經驗:不拘,接受身分:,依各企業規定,聯絡人:黃小姐email:,https://www.104.com.tw/job/ajax/content/7w710,0,0,0,0,0,0,0,0,0,0,0,0,0,0,0,0
【企業專案招募】104未來無限整合招募中心,【外商福利優】幸福企業、工作不帶回家放假好輕鬆! _電話行銷專員(台北)【企業專案招募】,"✦✧✦安達國際人壽保險股份有限公司✦✧✦

【公司介紹】
◆ 全球最大的產物保險與意外險上市公司
◆ 總部位於瑞士蘇黎世，於全球54個國家和地區開展業務
◆ 全通路保險專家，全方位服務
◆ 嚴謹風險控管，卓越承保能力
◆ 創新數位行銷，優化客戶體驗
◆ 精準數據分析，洞悉客戶需求
◆ 全球服務據點，專業理賠服務
◆ 堅強的財務實力，標準普爾 AA 及A.M. Best A++評級

【工作內容】
1.內勤業務工作, 無需擔心日曬雨淋,透過電話高效行銷,免人脈,撥打銀行客戶名單, 提供客戶專業的保險規劃.
2.企業品牌知名度高,產品具競爭力,客戶族群廣,不設業績門檻,成交就抽佣
3.教育訓練紮實,提供業務新手最佳學習環境

【工作地點】
台北市中正區衡陽路",工作經驗:不拘,接受身分:,依各企業規定,聯絡人:黃小姐email:,https://www.104.com.tw/job/ajax/content/7vvjs,0,0,0,0,0,0,0,0,0,0,0,0,0,0,0,0
普安科技股份有限公司,【總經理室】經營分析專員,"產業資訊蒐集、產品價格/成本/毛利分析
業務銷售報表編制暨分析
營運數據分析
流程改善規劃及策略執行
",工作經驗:2年以上,接受身分:,"普安科技提供具競爭性且績效導向的薪酬制度，期吸引、激勵並留任優秀員工。
多項福利措施，讓普安員工在工作與生活中保持平衡。

【獎金制度】
‧ 年節獎金: 提供在職人員端午節、中秋節各半個月月薪及農曆春節一個月月薪。其發放方式依據相關管理辦法辦理之
‧ 盈餘分紅: 每年依公司盈餘及個人績效表現配發現金紅利
‧ 年度調薪: 每年依個人績效表現調薪
‧ 人才推薦獎金
‧ 研發專利獎金

【禮金與保險】
‧生日禮金
‧生育禮金
‧婚喪喜慶
‧團體保險(含壽險、意外醫療、住院醫療等)

【生活育樂】
‧員工旅遊
‧球類競賽
‧部門聚餐
‧特約商店優惠、企業團購優惠
‧員工健康檢查、健康諮詢服務等
‧不定期舉辦各式講座與活動
",聯絡人:HRemail:,https://www.104.com.tw/job/ajax/content/7xzkd,0,0,0,0,0,0,0,0,0,0,0,0,0,0,0,0
居禮名店_聯友企業股份有限公司,【居禮名店】品牌經理/副理,"產品：全球知名精品餐瓷品牌經營管理。
1.具百貨業零售通路活動企劃執行經驗。
2.執行品牌行銷推廣規劃、預算控管與損益評估。
3.規劃執行店櫃商品組合、擬定和執行店櫃節慶、季節陳列計劃。
4.維持商品合理庫存，透過數據分析，精準採購。
5.須每日與原廠英文email溝通及原廠來台接待、簡報。
6.本職務非管理職，需具備獨立管理及主導品牌各面向的計劃及執行，以及良好的横向溝通 
    聯繫技巧。",工作經驗:6年以上,接受身分:,"1.勞保、健保。
2.勞工退休金6%提撥,由公司負擔。
3.特休假。
4.生日禮品、秋節賀禮、結婚及生育禮金、住院慰問金、喪葬慰問金。
5.店櫃同仁滿一年發放久任獎金，辦公室後勤同仁滿一年發放年資獎勵商品。
6.年終聚餐津貼及禮品。
7.員工商品優惠折扣。
8.每年皆依經營績效提撥年終獎金。
9.營業人員保障薪資制度。
10.教育訓練。",聯絡人:人資行政部email:hr@maboli.com.tw,https://www.104.com.tw/job/ajax/content/6lpmg,0,0,0,0,0,0,0,0,0,0,0,0,0,0,0,0
智庫驅動股份有限公司,資料分析師,"1. 與客戶進行需求訪談，釐清分析目標，發想解決方案，並撰寫相關程式完成資料科學專案
2. 預測模型系統維運與障礙排除
3. 資料分析相關工作坊內容規劃，並擔任講師或課程助教
4. 專案之技術規格文件撰寫與簡報製作
5. 其他主管交辦事務",工作經驗:不拘,接受身分:應屆畢業生,"年資滿一年，保障兩個月年終
端午、中秋禮金
勞健保、退休金
",聯絡人:廖小姐email:,https://www.104.com.tw/job/ajax/content/7ez67,1,0,0,1,0,0,0,0,0,1,0,0,0,0,0,0
上海商業儲蓄銀行股份有限公司,資料分析專員,"1.規劃與執行全行數位平台之資料分析，透過數據分析，研究客戶屬性及產品特性，以開發潛力市場與客戶。
2.分析數位金融業務發展與趨勢，以協助發展新的業務及行銷方向。
3.產出銀行業務統計數據、作業風險資訊分析及行銷案效益數據分析，並針對數據變化進行研究並產出分析報告。

※薪資
學士：每月薪資(含膳費)NT$39,500
碩士：每月薪資(含膳費)NT$41,800",工作經驗:2年以上,接受身分:,"★★若為正式行員(非實習生)得享有以下福利★★
★薪酬與福利
※保障年薪十三個月
※中秋、端午獎金
※三節禮金
※行員優惠儲蓄存款
※員工優惠貸款
※國內外旅遊補助
※享有勞保/健保/團保
※員工認股

★員工關懷
※醫藥補助金
※員工子女教育補助金
※婚喪喜慶補助
※定期員工健康檢查
※服務年資表揚

★成長與發展
※靈活彈性的升遷輪調制度
※內外部機構專業訓練
※各項線上數位課程
※各項獎助學金
※員工圖書館
※各種社團活動",聯絡人:白小姐email:,https://www.104.com.tw/job/ajax/content/7h9sc,0,0,0,0,0,0,0,0,0,0,0,0,0,0,0,0
悠由數據應用股份有限公司,資料分析師(永續),"【Data Driven is our Core DNA!】
悠由數據由核心的可動態自我學習作物演算法起家發展，我們致力成為氣候科技X綠色經濟的數據公司服務全球！目前為快速成長的新創企業，服務客戶涵蓋金融產業、綠能產業、農漁業、國際集團等。

我們會圍繞在數據面上打造各種有價值的雲端服務內容。在這裡可以一同參與自由討論融洽的氛圍以及在團隊協作中迎接充滿挑戰的工作項目。走在數據科技產業前端的同時，更能一手創造綠色產業的全新樣貌。

職缺描述
1.國際永續趨勢文獻研究與資料蒐集。
2.資料處理、整合、研究分析及文件撰寫。
3.配合主管進行客戶需求文件、簡報撰寫及交辦事項。
4.具備環境生態背景知識尤佳，並擁有邏輯能力、獨立思考能力、溝通能力。
5.依研究主題需求與團隊進行數據探勘，能依據資料科學流程完成分析並產出洞見。

職務需求
1.懂資料分析、資料視覺化、資料蒐集，負責報告撰寫及簡報製作。
2.具邏輯思考能力、態度積極且具備良好溝通及表達能力& Storing things。
3.使用工具QGIS、R、Word、PowerPoint
4.熱愛學習與分享。
5.具備團隊合作的精神、正面且專業的態度及強烈的責任心。
6.對數據科學具備有好奇心和肯自我學習者。


優先錄取
1.熟悉CSR、ESG、TCFD、TNFD、SDGs、赤道原則、環境檢核等內容或實作經驗
2.能獨立使用R語言分析數據，產製統計圖表，以及利用QGIS呈現空間視覺化分布。具團隊溝通能力，可以和數據工程師、軟體工程師協作。
3.自然環境、地理資訊或生態相關領域之科系。",工作經驗:不拘,接受身分:應屆畢業生,"我們期望成員都能享受這份工作和團隊，熱情的工作氛圍是我們最大的目標，希望每個人都能在這裡找到歸屬感。我們提供：

◆彈性上下班

◆零食隨意吃

◆不要求正式服裝

◆生日禮

◆員工聚餐

◆年終獎金

◆三節禮金/品

◆不定期獎金發放

◆年資滿兩年定期個人健康檢查",聯絡人:楊小姐email:,https://www.104.com.tw/job/ajax/content/7zdp3,0,0,0,0,0,0,0,0,0,0,0,0,0,0,0,0
雙子數位科技有限公司,數據/資料分析師,"嗨～～哈囉～

你是本公司要找的數據/資料分析高手嗎?
就是你！別懷疑！！徵的就是你～
本公司需要有在實務上2年以上開發經驗的你唷～
現在更好康的是...社會新鮮人的小美女小帥哥，歡迎歡迎!!

此職缺的職務內容有：

•從用戶大數據裡，非結構化資料中梳理定義問題
• 觀察基本分析報表內做出問題的原因假設
•拉取多面向數據分析報表證明假設
•從分析的結論產出對產品的改善建議，並進行A/B測試 驗證分析的結論
•支援其他報表需求
•建立數據觀測模式，將商業問題數據化，進行數據解析
•常態報表維護、定期進行數據洞察之分析報告
•具備良好溝通能力，因應執行所需，在不同階段須對接不同單位之共同執行""


此職缺的必備技能:

1. 熟悉分析工具如Tableau, PowerBI,GA
2. 熟悉SQL語法
3. 操作過關聯式資料庫及了解其設計邏輯
4. 使用程式語言經驗 例如: R, Python, MATLAB
5. 有良好的溝通與表達能力，同時致力於團隊協同工作。

 


加分條件:

•使用過Big Query, Hive
•熟悉Google Analytics
•熟悉App/Web埋點(Instrumentation)邏輯
•熟悉A/B testing
•對大數據運算及儲存平台如Spark/Hadoop有基本認識


有這麼好的工作機會，可別錯過囉！
趕快動一動你的手指頭，按下我要應徵/我要回覆的按鈕吧！
若還有相關的資訊想了解？歡迎來電或是來信，又或是由本公司的人資小姐姐主動與你聯繫唷～～



",工作經驗:3年以上,接受身分:,"[照顧員工薪水荷包] 
★ 保障年薪13個月 
★ 三節禮金(中秋、端午、生日) 
★ 資深員工獎金
★ 保障員工的勞保、健保、勞退提撥
★ 全年無休的員工傷害險、意外險
★ 豐厚的員工推薦獎金制度
★ 每年皆依績效表現及公司營運狀況給予調薪 

 [小確幸的休假制度] 
★ 優於勞基法的休假制度！ 
★ 產假/育嬰假/男性員工陪產假 

[活躍士氣活動] 
★ 年終尾牙或春酒餐會 
★ 定期員工聚餐 
★ 不定期家庭活動: ex: 路跑活動、聚餐party、電影包場、電競比賽、讀書會、節日小驚喜......等
★ 員工旅遊(國內or國外)

 [其他優渥福利] 
★ 全方位的職涯發展規劃 
★ 員工電腦設備補助 
★ 人性化的管理制度 
★ 專業生活工作諮詢
★ 軟體工程師教育訓練費用補助 

雙子數位科技(TSDT)重視每一位員工的職涯發展，用心聆聽每一位員工的意見與需求，針對每個人的需求給予不同的解決方案。
你/妳都是我們最重要的資產！  歡迎加入TSDT這個大家庭！ 與我們一同成長茁壯讓我們一起成為最閃亮的星星！",聯絡人:人資處 左小姐email:,https://www.104.com.tw/job/ajax/content/6zn74,0,0,0,1,0,0,0,0,0,1,0,1,0,0,1,0
友信行股份有限公司,資料分析師,"1. 市場資訊蒐集分析。
2. 經營模式及營運分析。
3. 專案任務支援(包含新專案規劃、執行、掌控、成本控制及結案...等)。
4. 協助公司或各部門推動專案之執行、管理、問題追蹤及解決。
5. 視人員專長及潛力，可朝資安、系統開發、客戶服務...等專案領域發展。
6. 其他主管交辦事項。",工作經驗:不拘,接受身分:應屆畢業生、原住民,"法定項目：
勞保、健保、員工退休辦法、哺集乳室

其他福利：
1.	團體保險、特別休假、員工健康檢查
2.	依個人培訓計劃，派赴國外受訓
3.	節慶活動
4.	員工康樂及慶生活動
5.	績效獎金
6.	員工國內外旅遊
7.	員工托兒津貼
8.	尾牙聚餐＋年終摸彩活動
9.	多元社團活動
10.	提供免費瑜珈班
11.	因應疫情提供防疫物資、異地辦公",聯絡人:Annaemail:,https://www.104.com.tw/job/ajax/content/7x3iu,0,0,0,0,0,0,0,0,0,0,0,0,0,0,0,0
博弘雲端科技股份有限公司,資料分析師,"1. 將概念性想法設計規劃為可執行的解決方案
2. 大數據專案的規劃，數據接入、清洗、建模與可視化的設計。
3. 與業務、技術、維運團隊共同合作完成專案
4. 精進原廠最新技術並協助客戶完成升級評估
5. 探索雲端服務組合的可能性，創造全新的可能性

*專案主要面向：
A. 資料工程： 
■負責資料擷取及處理之ETL開發及維運(Airflow)
■雲端資料庫的開發和應用(BigQuery,Redshift...)
■具有SQL相關經驗
B. 資料分析： 
■使用機器學習/統計分析/深度學習等資料分析新技術 
■發展雲端數據分析技術與商業智慧應用系統開發 (AutoML,Amazon Personalize..)
C. 資料視覺化
■協助開發BI相關專案(Tableau,Looker studio)
",工作經驗:不拘,接受身分:,"一起成為 NEXTLINKer 吧! 
NEXTLINKer 重視員工健康與工作生活的平衡，除了活潑明亮的開放式辦公室，成為NEXTLINKer 還能享受以下這些：

◎薪酬獎金
  1、保證年薪
  2、三節獎金

◎員工福利
  1、員工旅遊，與夥伴們悠遊不同景點
  2、員工聚餐。工作之餘與夥伴們同樂
  3、咖啡、飲料、鮮奶與點心供應，隨時補充身體的需求
  4、每月慶生會，給予每位壽星最真摯的祝福
  5、年度尾牙活動，獎勵同仁一年來合力達標
  6、健康檢查公司來安排
  7、免費按摩，讓你鬆一下
  8、社團活動增進你我他的交流與互動
  9、馬拉松與單車比賽報名費用公司來贊助
10、試用期通過後及享有特殊福利假及補貼

◎培訓計畫
  1、專業技能訓練
  2、原廠培訓課程
  3、國際研討會

◎員工補助
  1、結婚禮金
  2、生育禮金
  3、生日禮金
  4、喪葬津貼
  5、認證考試補助

◎社團活動
  1、路跑
  2、羽球
  3、瑜珈
  4、登山

◎CSR
  1、家庭日：我們相信家庭是社會重要的環節，博弘雲端科技的同仁享有每年給薪家庭日，並由公司提供旅遊、餐飲或住宿等補助，讓大家輕鬆陪伴家人。
  2、運動一起來：工作之餘我們鼓勵同仁們多運動，參與路跑或單車比賽，公司給予獎勵補助。
  3、健康又公益：路跑社的路跑里程公司轉為公益金，捐贈給台灣需要的角落，博弘雲端科技與同仁們一起落實企業社會責任。
  4、Meaningful Day：打造有意義的夥伴關係是我們的期待，讓同仁自主安排自己的生活甚是重要，專屬的有意義假讓您使用!

想成為 NEXTLINKer 嗎? 看看我們在找哪些夥伴吧！",聯絡人:HRemail:,https://www.104.com.tw/job/ajax/content/7xris,0,0,0,0,0,0,0,0,0,0,0,0,0,0,0,0
博敦電子股份有限公司,資料分析師,"1.負責營運數據的彙整、深入分析與應用。
2.計劃並實施有效的數據收集策略，確保數據品質與準確性。
3.使用專業工具進行數據挖掘，協助開發/維運 BI Dashboard，以提供決策支援。
4.製作具有洞察力的簡報，並與營運團隊進行深入討論，以協助策略的制定。",工作經驗:2年以上,接受身分:,"■享端午節禮金、中秋節禮金、年終獎金
■享優渥員工分紅制度
■享勞保、健保及團體保險
■享伙食、婚、喪、生育津貼
■享兩年一次免費健康檢查
■不定期公司聚餐
■不定期員工旅遊
",聯絡人:蘇小姐email:,https://www.104.com.tw/job/ajax/content/7z5l2,0,0,0,0,0,0,0,0,0,1,0,0,0,0,0,0
亞洲指標數位行銷顧問股份有限公司,資料分析師 (Data Analyst),"i-Buzz的核心理念是數據推動行銷策略，透過網路語料觀察與混搭資料研究進行開發，提供客戶深化的資料分析結果。另外欲透過自營的數位產品，挖掘使用者的行為數據，提供產品更好的體驗。

職務內容如下：
1. 文字探勘(80%工作碰到的資料都是文字語料)
2. 進行資料建模(開發預測模型、發展演算法)
3. 資料視覺化處理
4. API 製作

此職缺需熟悉統計分析、Python或R語言、Machine Learning、MongoDB、SQL，有API串接或開發的經驗。

誠摯歡迎符合以上條件，且具責任心、勇於接受挑戰者的加入。",工作經驗:2年以上,接受身分:,勞保，健保，員工團體保險，車資補助，員工意外險，教育訓練，業績獎金，週休二日，員工旅遊,聯絡人:趙小姐、蔡先生email:,https://www.104.com.tw/job/ajax/content/6k2x6,0,0,0,1,0,0,0,0,0,1,0,0,0,0,0,0
悠由數據應用股份有限公司,資料分析師(農業),"【Data Driven is our Core DNA!】
悠由數據由核心的可動態自我學習作物演算法起家發展，我們致力成為氣候科技X綠色經濟的數據公司服務全球！目前為快速成長的新創企業，服務客戶涵蓋金融產業、綠能產業、農漁業、國際集團等。

我們會圍繞在數據面上打造各種有價值的雲端服務內容。在這裡可以一同參與自由討論融洽的氛圍以及在團隊協作中迎接充滿挑戰的工作項目。走在數據科技產業前端的同時，更能一手創造綠色產業的全新樣貌。

職缺描述
1.產業文獻研究與資料蒐集。
2.產業項目資料整合、研究分析文件撰寫。
3.配合主管進行客戶需求文件、簡報撰寫及交辦事項。
4.具備農業作物生理背景知識尤佳、良好的邏輯能力、溝通能力。
5.依任務需求進行產業數據分析，跑完資料科學流程，並產出洞見。

職務需求
1.懂數據分析、資料視覺化、統計分析、資料探勘，另熟悉試驗設計規劃(農)加分。
2.態度積極，具備良好溝通及表達能力，& Storing things。
3.熱愛學習與分享。
4.具備團隊合作的精神、正面且專業的態度及強烈的責任心。
5.對數據科學具備有好奇心和肯自我學習者。",工作經驗:不拘,接受身分:應屆畢業生,"我們期望成員都能享受這份工作和團隊，熱情的工作氛圍是我們最大的目標，希望每個人都能在這裡找到歸屬感。我們提供：

◆彈性上下班

◆零食隨意吃

◆不要求正式服裝

◆生日禮

◆員工聚餐

◆年終獎金

◆三節禮金/品

◆不定期獎金發放

◆年資滿兩年定期個人健康檢查",聯絡人:楊小姐email:,https://www.104.com.tw/job/ajax/content/7jl9x,0,0,0,0,0,0,0,0,0,0,0,0,0,0,0,0
新穎資訊有限公司,資料分析師,"1. 針對平台數據內容，使用統計或機器學習進行數據整理及分析。
2. 依需求將數據及資訊視覺化並說明分析結果。
3. 提供建議及後續成效評估",工作經驗:1年以上,接受身分:,"※打造人性化的工作環境和良好的薪資福利制度，是我們持續努力的目標，歡迎您的加入

【保險與健康】
▌勞健保制度、勞退金提撥
▌員工健康檢查補助

【禮金 / 福委活動】
▌年終禮金(視年度營運、及個人考核評定)
▌三節禮金
▌生日禮金
▌結婚、喪葬、生育、住院津貼補助
▌不定期部門聚餐
▌家庭遊遊日
▌旅遊補助金

【休假 / 制度規範】
▌符合勞基法的休假制度
▌連假週末不補班
▌完整的職前教育訓練
▌透明順暢的升遷管道",聯絡人:潘小姐email:,https://www.104.com.tw/job/ajax/content/7g15x,0,0,0,0,0,0,0,0,0,1,0,1,0,0,0,0
台北富邦商業銀行股份有限公司,資料分析人員,"1.	產製每日及每月個人信用貸款、信用卡循環及分期績效報表
2.	根據行銷專案目標客群，協助篩選行內潛力行銷名單
3.	各信貸行銷專案及業務激勵活動成效追蹤報表
4.	個人信用貸款、信用卡循環業務之例行性報表資料產製及呈報
5.	協助PM執行年度業績預算編列及追蹤控管
",工作經驗:2年以上,接受身分:,"薪資制度：
我們建置具市場競爭力的薪酬制度，同時提供完善貼心的福利措施，近年來更持續推動健康職場和友善職場環境，為同仁打造能盡情在工作上打拼，發揮與展現自己的舞台。

完善貼心的福利制度：
1.員工勞/健/團保
2.三節節金
3.持股信託
4.休假、健全退休金制度
5.多樣化彈性福利制度包含：旅遊、健康檢查、子女教育、婚喪疾病等補助
6.員工急難救助和撫卹
7.員工優惠貸款
8.集團商品優惠：例：富邦 momo 、台灣大哥大購物折扣
9.特約商店優惠：分佈全省各地之商家消費特惠
10.定期員工健康檢查、簡易運動中心及按摩小站
11.免費的專業心理諮商服務

多彩多姿的員工活動：
透過各式活動的舉辦，讓同仁樂於工作、享受生活，在工作、生活、休閒上能取得均衡的發展：
1.多樣化社團活動：攝影、登山健行、電影欣賞、各式球類、舞蹈等
2.精采豐富的員工旅遊
3.富邦家庭日運動會
4.謝年會

學習與發展：
我們深信：『人才』是企業無法被複製的競爭優勢，是成就企業不斷邁向高峰的決勝力！因此公司十分重視內部人才培育，除建置多元發展平台外，亦提供多樣學習資源與機會，激勵員工自我成長。台北富邦銀行依據職務、業務與職涯發展需要，規劃人才發展計劃。透過計劃性培育，使員工能隨時因應經營環境、業務變化等，提升專業能力，提供優質的金融服務。",聯絡人:胡先生email:,https://www.104.com.tw/job/ajax/content/7qqef,0,0,0,0,0,0,0,0,0,0,0,0,0,0,0,0
碩誠國際股份有限公司,ETL 資料分析程式設計師,"1.  資料倉儲系統之資料分析、整理與資料處理之系統分析與設計
2.  DW / DM 規劃設計
3.  專案系統需求訪談、分析、開發及測試作業規劃、執行、與管理
",工作經驗:2年以上,接受身分:," 《碩誠國際提供優渥完整的福利制度》

[照顧員工薪水荷包]
★     年終獎金
★	任職滿一年以上，每年依績效表現給予調薪
★	三節禮金
★	保障員工基本勞保、健保、勞退提撥及團體保險
★	豐厚的員工推薦獎金制度

[活躍公司士氣活動]
★	年終尾牙或春酒餐會
★	不定期員工聚餐
★	不定期家庭活動:ex.路跑活動、聚餐party、電影包場、讀書會....等


[其他優渥福利]
★	全方位的職涯發展規劃
★	員工電腦設備補助
★	人性化的管理制度
★	軟體工程師教育訓練費用補助
★     薪轉戶跨堤、跨轉等優惠

在碩誠，人是我們最重要的資產！
碩誠重視每一位員工的職涯發展，傾聽每一位員工的意見與需求
歡迎加入碩誠這個大家庭！
讓我們一同成長茁壯、永續經營！
",聯絡人:HRemail:,https://www.104.com.tw/job/ajax/content/6f1b4,0,0,0,0,1,0,0,0,0,0,0,0,0,0,0,0
富蘭克林證券投資顧問股份有限公司,資料分析師-BI,"◎協助企業經營分析數據、建立分析邏輯及數據模型、商業化解讀分析結果，協同轉化成可執行方案。
◎解決內部分析問題為目標，提供諮詢服務和專題分析報告。
◎多維度指標體系的梳理和建設，並能完成資料管理、分析與應用全流程工作，必要時需要跨部門合作。
◎發現問題、發揮資料價值為導向，能深入理解內部需求與痛點，確定問題與目標，並給予有效的數據解決方案。
◎團隊合作需具良好溝通與協調能力。",工作經驗:3年以上,接受身分:,"◆ 獎金 / 禮品類
1.年終獎金
2.三節禮金/禮品
3.生日禮金/禮品
◆ 保險類
1.勞保/健保/勞退
2.團保/防疫險
◆ 請 / 休假制度
1.優於勞基法的特休假天數
2.旅遊假、陪產假、不扣薪病假
◆ 補助類
1. 婚喪喜慶補助、生育津貼、寶寶金牌。
2. 生日禮券、每月慶生活動、尾牙、聖誕及聚餐活動。
3. 員工進修、健檢、午餐團膳、國內外旅遊...等補助
4. 員工福利金全額補助。
5. 久任富蘭克林員工金牌",聯絡人:人事email:,https://www.104.com.tw/job/ajax/content/7hw3p,0,0,0,0,0,0,0,0,0,1,0,1,0,0,0,0
台灣客服科技股份有限公司,[台灣大哥大集團]資料分析專員,"1.分析未貼標用戶進線行為，產出一套有效邏輯及提示項目
2.分析貼標用戶進線行為，調整既有提示Wording/連結功能
3.分析貼標用戶進線比例，提升自助服務專案規劃
4.RPA開發及建置
5.統計學系/數學系畢尤佳",工作經驗:1年以上,接受身分:,"福利措施：公司妥善規劃及提供員工各項福利措施 
1. 除依法應提供之勞健保、勞退外，另有員工及配偶團體保險(公司全額補助) 
2. 優於法令規定之產假(員工分娩前後，可申請產假8週；到職滿六個月以上者，得申請產假10週) 
3. 提供全日職同仁生育及育兒津貼
4. 婚喪喜慶補助及傷病急難救助：生日禮金、結婚禮金、喪殯慰問、住院慰問、急難救助 
5. 三節禮券 
6. 自選式福利方案：國內/外旅遊、強身健體等補助 
7. 社團活動、家庭日、部門活動及年終尾牙活動 
8. 集團員工自費保險計劃(壽險及產險)及房屋/信用貸款等優惠措施  
9. 員工每月定額通話費補助、員購優惠方案 
10. 定期員工健康檢查、員眷健檢優惠方案 
11. 特約商店、渡假飯店、運動中心、遊樂園、旅行社等簽約優惠 
12. 諮商輔導措施、免費紓壓肩頸按摩服務 
13. 優良員工獎勵表揚活動、資深員工獎勵 ",聯絡人:人力資源處email:,https://www.104.com.tw/job/ajax/content/7xhj8,0,0,0,1,0,0,0,0,0,1,0,0,0,0,0,0
富蘭克林證券投資顧問股份有限公司,資料分析師兼專案管理師-BI,"本職務招聘需同時具備兩項專業：資料分析師、專案管理師。業務場域為金融科技與行銷科技之資料分析、資料分析模組程式設計、與專案管理。
【資料分析師-工作內容】
◎ 協助企業經營分析數據、建立分析邏輯及數據模型、商業化解讀分析結果，協同轉化成可執行方案。
◎ 解決內部分析問題為目標，提供諮詢服務和專題分析報告。
◎ 多維度指標體系的梳理和建設，並能完成資料管理、分析與應用全流程工作，必要時需要跨部門合作。
◎ 發現問題、發揮資料價值為導向，能深入理解內部需求與痛點，確定問題與目標，並給予有效的數據解決方案。
◎ 團隊合作需具良好溝通與協調能力。
【專案管理師 -工作內容】
◎ 製訂專案管理計畫、驗收計畫、溝通計畫、品質管理、定期專案進度報告。
◎ 跨部門整合溝通協調，負責專案管理並確保客戶服務範疇之執行與品管。",工作經驗:3年以上,接受身分:,"◆ 獎金 / 禮品類
1.年終獎金
2.三節禮金/禮品
3.生日禮金/禮品
◆ 保險類
1.勞保/健保/勞退
2.團保/防疫險
◆ 請 / 休假制度
1.優於勞基法的特休假天數
2.旅遊假、陪產假、不扣薪病假
◆ 補助類
1. 婚喪喜慶補助、生育津貼、寶寶金牌。
2. 生日禮券、每月慶生活動、尾牙、聖誕及聚餐活動。
3. 員工進修、健檢、午餐團膳、國內外旅遊...等補助
4. 員工福利金全額補助。
5. 久任富蘭克林員工金牌",聯絡人:人事email:,https://www.104.com.tw/job/ajax/content/7lgpf,0,0,0,0,0,0,0,0,0,1,0,1,0,0,0,0
智域國際股份有限公司,資料分析師 (Data Analyst),"
與客戶溝通訪談確認分析需求以建立分析議題。

1. 根據不同議題、資料來源，設計資料模型，並以視覺化報表的形式呈現分析結果。
2. 與工程師合作架構資料倉儲系統並規畫整合數個倉儲系統為資料平台。
3. 建立Machine Learning預測模型，並做相關預測分析。
4. 抗壓力強，可獨立作業，自我學習意願強
5. 熱愛資料分析、擅長統計或數值分析。

善用以下工具者佳：
-	Excel、Word、PowerPoint。
-	Python/R使用經驗、有SQL使用經驗者為佳。
-	具Data Modeling相關知識。具MS Power BI經驗者優先考量。
-	有SSIS、SSAS、SSRS經驗者優先考量。
-	具ML模型開發經驗者優先考量。
",工作經驗:不拘,接受身分:應屆畢業生、僑生、外籍人士、原住民,"1. 週休二日、勞/健/團 保險 
2. 完善的教育訓練及升遷管道",聯絡人:曹小姐email:,https://www.104.com.tw/job/ajax/content/6fpnp,0,1,0,0,1,0,0,0,1,1,0,1,0,0,1,0
集雅社影音家電_集雅社股份有限公司,資料分析管理師(data engineer),"1.開發並維護異質資料庫轉換作業程式。
2.開發並維護爬蟲程式擷取符合企業營運分析之外部資料。
3.依資料分析需求進行資料預處理作業。
4.開發並維護API應用介面以進行完成資料預處理之資料集傳遞介面。
5.其他主管交辦事項。",工作經驗:不拘,接受身分:,"◆ 獎金&禮品／紅利／股票 ◆
銷售獎金
年終獎金
員工紅利
三節禮金／禮品
依據表現定期調薪
員工持股信託
（正式員工每月最高可提撥個人全薪的6%，公司再提撥前述金額之25％合併計算至員工信託帳戶，定期購買公司股票）

◆ 健康／保險／設備 ◆
年度員工健康檢查
員工500萬團保（公司給付）
圖書館
哺乳室
勞工健康服務護理師
職醫臨場諮詢服務

◆ 學習成長／環境 ◆
優質上班環境（各大百貨／地區門市）
完整的教育訓練
順暢的升遷管道
部門內部輪調機會
接觸到各大品牌的影音家電3C商品

◆ 休閒活動／其他福利 ◆
尾牙／春酒摸彩抽紅包
部門聚餐
員工購物優惠
員工旅遊補助
員工結婚禮金
員工生育津貼
員工子女獎助學金
員工進修補助金
員工生日禮金
員工生日假
古典音樂藝文補助
多元藝文體驗活動
員工親子同樂活動
企業特約優惠",聯絡人:人資部email:,https://www.104.com.tw/job/ajax/content/7wkdo,0,0,0,0,0,0,0,0,0,1,0,0,0,0,0,0
國票綜合證券股份有限公司,資料分析人員(資訊部),"1.客戶資料分析
2.客戶行為分析
3.業務分析
4.資訊安全分析",工作經驗:3年以上,接受身分:,"◆ 分紅 / 配股
　 1.員工酬勞
◆ 獎金 / 禮品類
　 1.年終獎金
　 2.中秋、端午禮金或禮品
　 3.生日禮金或禮品
◆ 保險類
　 1.勞保
　 2.健保
　 3.退休金提撥
　 4.員工團保
◆ 制度類
　 1.伙食費
　 2.誤餐費
　 3.績效獎金
　 4.完整的教育訓練
　 5.順暢的升遷管道
◆ 請 / 休假制度
　 1.週休二日
　 2.特休/年假
　 3.陪產假
　 4.家庭照顧假
　 5.女性同仁生理假
　 6.育嬰假
◆ 補助類
　 1.結婚禮金
　 2.生育津貼
　 3.社團補助
　 4.員工教育獎助學金
　 5.子女教育獎助學金
　 6.住院慰問金",聯絡人:黃經理email:,https://www.104.com.tw/job/ajax/content/7z1lg,0,0,0,0,0,0,0,0,0,0,0,0,0,0,0,0
關貿網路股份有限公司,約聘資料分析師(T67駐點食藥署),"1.負責資料標準化、探勘及分析工作
2.依客戶需求產出資料分析報告
3.其他交辦工作",工作經驗:不拘,接受身分:,"關貿網路曾連續三年獲得台北市幸福企業獎，教育訓練獲得了TTQS銅牌認證，致力於打造具備熱力、活力及挑戰性的工作，使員工樂在工作、成長於工作，並造就關貿網路成為一流人才最喜歡的優質企業。
 
獎金福利
◎端午、中秋禮金
◎年終獎金、員工酬勞：依個人年度績效及公司實際經營狀況發放獎金

休假福利
◎試用期滿即享有第一年在職比例特休假(正職同仁)
◎有薪病假（7天/年）
◎每年一天志工假

生活福利
◎每日提供同仁午餐(駐外單位發放津貼）
◎各式員工優惠團購
◎書籍借閱

保險福利
◎勞、健保及免費團保
◎退休撫恤制度（公司依法提撥6%之勞工退休金）
◎出差投保旅平險

教育訓練
◎關貿大學多元內部課程
◎專人辦理員工課程規劃
◎補助外部訓練費用，公出假公費外出上課
◎鼓勵同仁考取證照、技術證照獎金方案
◎提供員工完整之學習計畫、重視員工職涯發展

職工福利委員會
◎生日禮金與卡片
◎婚喪喜慶補助
◎每年3,000元三合一補助金
◎各式社團活動
◎員工旅遊、電影欣賞活動
◎家庭日、各式員工競賽活動

健康職場
◎辦公室按摩設備、休閒室、視障按摩師
◎健康講座、各式健康促進活動
◎兩年一次定期健康檢查

南港軟體園區
◎休閒運動廣場（健身器材等設備）
◎上下班時間付費交通車
◎鄰近三捷運站、火車站、高鐵站、Ubike",聯絡人:HRemail:,https://www.104.com.tw/job/ajax/content/6f8rs,0,0,0,1,0,0,0,0,0,1,0,0,0,0,0,0
承研能源科技股份有限公司,資料分析工程師,"1.針對客戶能源資料進行分析或使用機器學習方法找出節能改善空間。
2.大數據專案的規劃，數據接入、清洗、建模與可視化的設計。
3.彙整、分析與定期產出各類型的監測資料或報告 。
4.機器學習、深度學習或其他相關演算法開發。
5.實作自動化數據分析的工作流程。
6.協助專案或產品需求提供資料分析報告。",工作經驗:1年以上,接受身分:,"一、享勞、健保、勞退金提撥
二、有薪假（依勞基法規定)
三、年終獎金＋績效獎金 (依公司績效獎金發放辦法)
四、完整的在職教育訓練
五、依法提撥福利金辦理各項福利活動，福利活動包括：
　　中秋節禮金、端午節禮金、生日禮金、國內外旅遊、員工休閒體育活動、員工子女獎學金
　　資深員工表揚、年度健康檢查、住院慰問、婚喪喜慶補助。",聯絡人:尤小姐email:,https://www.104.com.tw/job/ajax/content/7rh8x,0,0,0,0,0,0,0,0,0,1,0,0,0,0,0,0
豐卉有限公司,資料分析師,"工作內容:
1.協助部門提供數據及報表
2.整理及歸納後台相關數據
3.維護及更新現有爬蟲之可用性
4.完成主管交辦相關事項

【必備條件】
1.程式語言：Python
2.擅用資料處理套件(ex:Pandas、Xlwings)
3.擅用爬蟲常用套件(ex:Selenium、Requests)
4.熟悉EXCEL函數及圖表",工作經驗:1年以上,接受身分:應屆畢業生,"1.用餐補貼
2.輪班津貼
3.不定時下午茶提供
4.Kpi績效獎金
5.三節禮金或禮品
6.年終獎金",聯絡人:HRemail:,https://www.104.com.tw/job/ajax/content/7nrvh,0,0,0,0,0,0,0,0,0,1,0,0,0,0,0,0
玉山銀行_玉山商業銀行股份有限公司,【總行單位】資料分析師(新人),"1.進行診斷型及敍述型資料分析，整合業務需求並產出資料規格
2.與業務單位溝通分析需求並運用資料處理技術產出分析結果
3.負責資料蒐集及處理各項數據、資料建模、ETL流程設計及開發，並經梳理後產出使用

104僅供職缺參考，若您對此職缺有興趣，請至本行「玉山菁英甄選網站」投遞履歷，如書審通過，後續將邀請您參加面談。謝謝！
【網址：https://esnhr.pse.is/394b2n】",工作經驗:不拘,接受身分:原住民,"1. 完善的教育訓練制度 
2. 員工持股信託基金
3. 年終獎金、紅利    
4. 職工福利委員會各項補助    
6. 團保、勞保、健保、勞退    
7. 比照或優於勞基法的人力資源制度",聯絡人:楊小姐email:,https://www.104.com.tw/job/ajax/content/6tfde,0,0,0,0,0,0,0,0,0,0,0,0,0,0,0,0
智域國際股份有限公司,資料分析師 (Data Analyst),"
與客戶溝通訪談確認分析需求以建立分析議題。

1. 根據不同議題、資料來源，設計資料模型，並以視覺化報表的形式呈現分析結果。
2. 與工程師合作架構資料倉儲系統並規畫整合數個倉儲系統為資料平台。
3. 建立Machine Learning預測模型，並做相關預測分析。
4. 抗壓力強，可獨立作業，自我學習意願強
5. 熱愛資料分析、擅長統計或數值分析。

善用以下工具者佳：
-	Excel、Word、PowerPoint。
-	Python/R使用經驗、有SQL使用經驗者為佳。
-	具Data Modeling相關知識。具MS Power BI經驗者優先考量。
-	有SSIS、SSAS、SSRS經驗者優先考量。
-	具ML模型開發經驗者優先考量。
",工作經驗:不拘,接受身分:應屆畢業生、僑生、外籍人士、原住民,"1. 週休二日、勞/健/團 保險 
2. 完善的教育訓練及升遷管道",聯絡人:曹小姐email:,https://www.104.com.tw/job/ajax/content/6fpnp,0,1,0,0,1,0,0,0,1,1,0,1,0,0,1,0
春水堂科技娛樂股份有限公司,資料分析/內容推薦工程師,"1.透過機器學習與大數據，進行資料分析及與內容推薦
2.設計開發或導入機器學習模型
3.運用演算法建立模型，優化機器深度學習
4.資料清洗、數據整合、模型評估、模型部署
5.資料分析與數據歸納
6.熟悉 Python 程式語言
7.深度學習框架開發經驗如：Keras或Tensorflow或Pytorch",工作經驗:3年以上,接受身分:,"春水堂科技擁有通訊業的優勢、科技界的待遇、文化圈的優質人文、開朗和樂的同仁、純善為本的管理的工作環境。
◆ 獎金類
   年終/端午/中秋/績效獎金
◆ 保險類
   勞健保/員工團保/意外險/職災保險
◆ 休閒類
   員工旅遊/慶生會
◆ 制度類
   伙食費/教育訓練/升遷管道
◆ 請 / 休假制度
   週休二日/年假/家庭照顧假/育嬰留職停薪/女性同仁生理假/男性同仁陪產假等
◆ 補助類
   婚喪喜慶禮金/退休金提撥/健康檢查",聯絡人:楊小姐email:,https://www.104.com.tw/job/ajax/content/7in95,1,0,0,0,0,0,0,0,0,1,0,0,0,0,0,0
星凱國際股份有限公司,資料分析師,"系統分析師/系統維護／操作人員
1. 製作太陽能電廠發電營運績效統計/分析報表。 
2. 計算/分析太陽能電廠躉售營收。 
3. 製作太陽能電廠管理報表 。
4.維護資料庫管理系統，確保資料的安全性。
5. 即時監控太陽光電案場發電量，與異常通報。
6. 規劃並撰寫系統需求、規格書及計畫書。
7. 協助導入資訊系統（如：ERP、財會系統），並提供內部員工系統操作的教育訓練。
8. 編寫硬體及軟體結構操作與維修方法之說明手冊。
9. 測試應用系統與2. 記錄各系統維護及異動的相關資訊。
10.必要時負責軟、硬體及其他系統周邊裝置的安裝及維修，電子平台上的連結。
11.優化相關規範、流程及其分工，必要時提出流程改善計劃與執行。
12.主管交辦事項及指派特定事項執行優化專案  

§您需擁有的特質 
1. 積極、細心、肯學習 
2. 樂於挑戰，善於溝通，可獨立作業",工作經驗:不拘,接受身分:,"◆ 獎金/禮品類
	1.年終獎金
	2.三節獎金/禮品
        3.專案獎金
◆ 保險類
	1.勞保
	2.健保
	3.員工團保
	4.意外險
	5.職災保險
◆ 休閒類
	1.國內旅遊
	2.國外旅遊
	3.每月慶生會
◆ 制度類
	1.職等升等調薪
	2.專案津貼
	3.完整的教育訓練
◆ 請 / 休假制度
	1.週休二日
	2.特休/年假
	3.政府規定之可請/休/國定假
	4.陪產假
◆ 其他
	1.主管級每三年提供健康檢查補貼款
◆ 補助類
	1.結婚禮金
	2.旅遊補助
	3.住院慰問金
	4.退職金提撥
	5.公務機通話費補助",聯絡人:陳韵蓁email:,https://www.104.com.tw/job/ajax/content/7jtoc,0,0,0,0,0,0,0,0,0,0,0,0,0,0,0,0
大樹科技顧問有限公司,資料分析師,"1. 基於海量行為資料，分析使用者行為，通過使用者畫像、推薦模型、功能行為等，制定並優化產品策略、推薦效果優化方向等。
2. 負責資料獲取攝取，資料存儲，建模、統計及監控等一個或多個環節的開發與維護，負責資料倉庫的開發與維護。
3. 負責維護/開發資料平臺相關的系統任職要求",工作經驗:3年以上,接受身分:,"★優於勞基法的年假制度，第一年即有12天年假
★優於勞基法的有薪病假
★每季的團隊建設活動，員工關係也是我們重視的
★教育訓練補助，讓您在公司也能學習新技能
★辦公室備有各種零食飲料無限供應",聯絡人:Eric Yenemail:,https://www.104.com.tw/job/ajax/content/7vxf7,0,1,0,0,0,0,0,0,0,1,0,0,0,0,0,0
北視有線電視股份有限公司,資料分析員,"1.進行資料撈取、分析、報告整理與邏輯運算作業
2.文書資料處理及Key In
3.進行資料處理、變更及文件歸檔
4.主管交辦任務執行，其他專案及公司要求的業務相關事項
",工作經驗:1年以上,接受身分:原住民、二度就業,"【友善環境】
愉快的工作氛圍，是員工動力的來源，一直都是TBC的宗旨，我們也將持續提供更優質環境！ 人性化的休息區，體驗不同工作氛圍 、 團隊夥伴的身心靈，我們一肩扛起 、 員工專屬團險：在你需要的時候，成為最強力的後盾

【豐富職涯】
TBC是一個築夢踏實的群體，我們有銅牆鐵壁般的陣容，勇於接受各種挑戰，任何你想像不到的事情在這裡都有可能實現！ 線上E-Learning、分享會補充知識 、 開放溝通的組織文化，勇於提出任何想法

【福利津貼】
TBC的員工個個都是寶，從加入那一刻起，食衣住育樂，所有關於你的一切，都由我們來包辦！
另外，員工免扣福利金由公司全額支付(很重要~ 很重要~ 很重要~ 所以說三次)
－依部門營收表現給予績效獎金
－年終獎金
－新人到職第一年即享有首年特休假(預給)
－年度團隊、年度新人、年度績優員工禮金、端午禮金、中秋禮金、生日禮金、結婚禮金
－生育津貼
－喪葬補助
- 寬頻網路補助
- 年度家庭日活動
－教育訓練課程補助
－聚餐補助、部門Team Building
－每年員工健康檢查
－專屬特約商店",聯絡人:吳先生email:,https://www.104.com.tw/job/ajax/content/7wl8h,0,0,0,0,0,0,0,0,0,0,0,0,0,0,0,0
Phison Electronics Corp_群聯電子股份有限公司,資料分析師,"1.負責相關內外部單位實驗需求 or 解析異常數據分析提供
2.確認資料合理性與反饋異常
3.收集各異常log提供
4.數據解析給相關單位改善
5.各LOG資料parse , 彙整數據for 相關單位改善
6.歷史數據解析, 探討數據內容for 相關單位改善",工作經驗:2年以上,接受身分:,"公司：
(1) 年薪12個月		
(2) 兩個月的年終獎金(限台灣)	
          (視公司營運績效)	
(3) 分派員工酬勞，利潤分享。	
(4) 每年視營運狀況定期依工作績效調薪。
(5) 依營運狀況發放激勵獎金。	
(6) 升遷管道暢通。		
(7) 鼓勵員工創作發明，給予高額專利獎金。
(8) 完善之教育訓練規劃及安排。
(9) 鼓勵員工推薦優秀人員，給予具吸引力的推薦獎金。
(10) 完善的保險與退休計劃。	
(11) 彈性的假勤制度:	
(12) 資深同仁久任精美禮品。	
(13) 員工預支薪資購車、急難救助等。

提供員工舒適安全及人性化的工作環境及休閒環境：
公司：
(1)上萬坪自有廠房設備。
(2)每年定期提供同仁完整的免費健康檢查、健康講座。
(3)提供休閒中心（備有跑步機、有氧飛輪、健身腳踏車、活動式拳擊踢靶、手足球台、兒童遊戲室…等），另有瑜珈教室及戶外綜合球場。
(4)提供圖書館。
(5)提供員工生活服務方案協助。（由不同的專家提供心理／法律／理財／管理．．．等各項需求支援。）
(6)提供醫療協助。
(7)新進研發人員三個月免費宿舍。
(8)提供餐廳、咖啡吧、果汁吧、全家便利商店與近萬坪平面停車場。
(9)伙食補助。
(10)優質農場，不定期提供優質有機蔬果。
福委會：
(1)公司職工福利委員會提供之各種福利措施及舉辦各項休閒活動。
(2)各式婚、喪、生育、住院補助、急難救助等補助。
(3)每年提供國內(外)旅遊補助。
(4)舉辦家庭日與不定期活動，每半年部門聚餐補助。
(5)三節及生日禮券/禮金。
(6)勞動節禮品/禮券/禮金。
(7)主題性年終尾牙活動，活動精彩有趣，豐富大獎等著您，即使是哈哈獎也不平凡。
(8)提供多樣性社團活動管理、經費補助，目前有游泳社、有氧社、瑜珈社、壘球社、籃球社、羽球社、登山社…等二十多個社團。
(9)享有特約商店優惠。
",聯絡人:張小姐email:,https://www.104.com.tw/job/ajax/content/7kuit,0,0,0,0,0,0,0,0,0,0,0,0,0,0,0,0
國票綜合證券股份有限公司,資料分析人員(資訊部),"1.客戶資料分析
2.客戶行為分析
3.業務分析
4.資訊安全分析",工作經驗:3年以上,接受身分:,"◆ 分紅 / 配股
　 1.員工酬勞
◆ 獎金 / 禮品類
　 1.年終獎金
　 2.中秋、端午禮金或禮品
　 3.生日禮金或禮品
◆ 保險類
　 1.勞保
　 2.健保
　 3.退休金提撥
　 4.員工團保
◆ 制度類
　 1.伙食費
　 2.誤餐費
　 3.績效獎金
　 4.完整的教育訓練
　 5.順暢的升遷管道
◆ 請 / 休假制度
　 1.週休二日
　 2.特休/年假
　 3.陪產假
　 4.家庭照顧假
　 5.女性同仁生理假
　 6.育嬰假
◆ 補助類
　 1.結婚禮金
　 2.生育津貼
　 3.社團補助
　 4.員工教育獎助學金
　 5.子女教育獎助學金
　 6.住院慰問金",聯絡人:黃經理email:,https://www.104.com.tw/job/ajax/content/7z1lg,0,0,0,0,0,0,0,0,0,0,0,0,0,0,0,0
邁達特數位股份有限公司,資料分析經理 【資料分析應用處】,"1.協助釐清企業資料分析之需求與挑戰。
2.協助業務團隊梳理客戶需求。
3.資料分析系統規劃、導入與專案管理。
4.公司代理產品應用規劃與協銷工作（不需背負業績）。

",工作經驗:5年以上,接受身分:,"歡迎大家來邁達特~邁向新里程

★「錢」途滿滿
☆ 三節獎金，開心過節領獎金~
☆ 國內旅遊補助，工作之餘也要與家人分享慶祝!
☆ 年終尾牙活動，年末好好放鬆一起為明年衝衝衝!
☆ 集團不定時競賽活動，上班不煩悶同時充滿笑容~
☆ 福委會各類福利金補助，人生大事邁達特陪你共度~
☆ 員工持股信託邁達特給你當股東 (100%相對提撥金)~

★工作生活平衡，Work-Life Balance
☆ 舒壓室，上班不用貼「撒隆趴斯」~
☆ 免費零食補給站，小孩才做選擇，餅乾飲料吃一番~
☆ PS4休閒娛樂室，上班歡樂快樂事~
☆ 每週五彈性14:30-16:00下班，避開尖峰，週五提早讓你放輕鬆~
☆ 彈性上下班，時間運用更有效率(上班時間：7:30-9:30，下班時間：16:30-18:30)
☆ 新進同仁，第一年享有7天休假(入職即享有4天新人假+滿半年另有3天特休)
☆ 如有特殊需求，可申請居家上班(疫情期間，可申請居家上班，照護家人)

★ 持續學習、不斷成長，一起UPUPUP
☆ 不定期舉辦各類講座及活動，一起與邁達特往前邁進~~
☆ 各類教育訓練課程安排(內訓/外訓)，讓你不落人後!",聯絡人:Doohanemail:,https://www.104.com.tw/job/ajax/content/7oylq,0,0,0,0,0,0,0,0,0,0,0,0,0,0,0,0
台灣克羅瓦雷克斯股份有限公司,SAS  日文資料分析師 (GLXJP),"1. 具SAS Enterprise Guide不會使用的人公司可提供培訓、具備SQL、Python、Excel、PowerPoint的使用經驗，能使用VBA經驗為佳。
2. 主要工作內容:
・分析設計與考察
・廠商提供資料基礎中進行資料的篩選、加工、彙整
・製作ppt分析報告
3. 非主要工作項目(視專案進度可能發生)
・desk research等UI/UX調查
・調查問卷設計
・實施田野調查等等......
4. 能協助信用金融會員資料分析、設計，主要經手的數據為金融消費的顧客資訊。
5. 日語流暢、擅溝通協調。
6. 追求想挑戰海外職務，抱持衝勁、努力特質，適應並喜歡團隊作業的人才。
7.公司提供赴日工作簽證包辦。
8.提供海外就職行李搬運費支援。
9.此職缺需前往本集團位於東京都千代田区的廠商駐點。
10.熟悉業務之後，視情況可能申請在家上班。

*歡迎已經取得日本居留簽證者，若在台灣需辦理工作簽證者也會根據條件擇優錄取並協助簽證。
————————————————————————

●業務内容
　・分析設計の考案
　・クライアント環境内でのデータ抽出作業
　・抽出したデータの加工、集計作業
　・加工、集計データのPPTへの落とし込み、報告
　※ここまではマスト業務

　・デスクリサーチなどのUI/UX調査
　・アンケート設計
　・インタビュー実施　など
　※こちらはクライアント要件に応じて発生

担当業務領域はマーケティング領域です。
金融関連の会員サービスを展開している為、既存会員向けの施策や新規会員向けの施策などの分析が主業務です。

●必要スキル
    ・基本のデータ分析経験（SQL、Python）
　・SAS Enterprise Guide(必須)　←研修とその後のOJTを経て基本～応用スキルを身につけてもらいます。
　・Excel、PowerPoint(必須)
　・VBA(推奨)

●業務場所
　クライアント先データ分析室（東京都千代田区）
　※コロナ感染拡大や業務に習熟して在宅でも可能な業務がある場合はテレワークも可能となります。
　　ただし、先ずは業務になれる必要あり、当面はオンサイト(出勤務)を前提とします。

●勤務時間
　平日9AM～6PMを大前提としますが、事前申請のうえで多少の調整(例：10AM～7PMとか11AM～8PMとか)は可能です。
   ただし、施錠の関係上、8時～22時の間で限定です。
　なお、欠勤等が発生しても月次稼働時間が合計140時間を超えるようにしてもらう必要ありです。
*9時～18時の8時間勤務（休憩1時間あり） 実働8時間(多少の残業あり) ・完全週休2日(土日・祝) GW、年末年始

*応募資格
・やる気、努力を惜しまない方、チームワークを大切にする方を求めています。


*福利制度
•公司提供免費單身宿舍(水、電、瓦斯自費)
•提供交通費津貼
•提供一年一次免費回台來回機票
•轉調制度：可申請轉調至東京、台北或拉斯維加斯等集團下任一據點，提供有高度熱情或工作能力優良者實現活耀於世界舞台的機會。
•公司因應新型冠狀病毒，已積極導入彈性上下班與遠距工作等制度。
•新年假期或暑假連休之取得機會。
•提高職場技能之社内跨部門兼職制度。
•職涯規劃檢討驗證制度。
•獎賞制度。
•業務績效佳、或是對公司發展有高貢獻度之人才，通過評估後可轉任儲備幹部或取得績效獎金。
•因應聯合國提出之SDGs永續發展目標理念所新創之茶園事業正在日本展開中。
•養生保健設施(日本國內＝沖縄市、南阿爾卑斯市、西丹澤(神奈川縣)）

",工作經驗:不拘,接受身分:應屆畢業生、外籍人士、二度就業、中壯齡,"•轉調制度：可申請外派至東京、沖繩或拉斯維加斯等集團下任一據點，提供有高度熱情或工作能力優良者實現活耀於世界舞台的機會。
•公司因應新型冠狀病毒，已積極導入彈性上下班與遠距工作等制度。
•聖誕、新年假期或黃金週連休之取得機會。
•提高職場技能之社内跨部門兼職制度。
•職涯規劃檢討驗證制度。
•獎賞制度。
•業務績效佳、或是對公司發展有高貢獻度之人才，通過評估後可轉任儲備幹部或取得績效獎金
•因應聯合國提出之SDGs永續發展目標理念所新創之茶園事業正在日本展開中。
•休閒福利設施(日本國內＝沖縄市、南阿爾卑斯市、西丹澤(神奈川縣)）",聯絡人:黃小姐email:,https://www.104.com.tw/job/ajax/content/7um7f,0,0,0,0,0,0,0,0,0,1,0,0,0,0,0,0
永慶房產集團_永慶房屋仲介股份有限公司,資料分析專員.,"1.日常營運及管理報表製作 
2.定期追蹤各項成效並產出管理報表
3.資料除錯、彙整及合併
4.其他主管交辦事項
5.具營運管理經驗尤佳 
6.另有參與資料應用、數據分析等實際專案執行機會",工作經驗:不拘,接受身分:,"■ 兼顧工作與生活的真幸福，在永慶房屋找到幸福的新定義 

「有幸福的員工，才有滿意的客戶！」 
除了對消費者的服務，更持續「致力打造友善職場」，透過學長姐輔導、師徒達人制度，建立團隊合作共享的職場文化；善用創新科技及企業優勢，成功推動彈性工作8小時制度，讓員工能夠工作與生活平衡；有感的薪獎福利，提供業界最優保障前12個月每月5萬元收入、每人每年最高250萬「幸福成家基金」；以能力為導向的月月晉升制度，成為房仲業唯一連續五年獲得HR Asia「亞洲最佳企業雇主獎」肯定，同時，更連續十年獲得「台灣服務業大評鑑」連鎖服務業金獎的肯定。 

《永慶，真的不一樣》 
聰明工作，高效率、完善培訓
經紀人員彈性工作8小時、搭配遊戲化制度，工作高效率。
I pad行動服務工具，協助經紀人員快速上手、即時提供房產服務。
完整教育訓練，另更補助指派受訓及經核准之內外訓課程。
輔導考取不動產經紀人國家證照。
慰勞員工之年終獎金，依公司營運狀況及年資、職級及個人表現之不同提供。
行政績優同仁可獲頒考核獎金及獎牌、獎座。
經紀人員除薪資及業績獎金外，公司定期舉辦激勵活動獎勵，提供高額獎金。

【健康生活，打造幸福職場】
-提供經紀人員最高250萬元的購屋基金，圓三年購屋夢。 
-海內外獎勵旅遊，生活更多采。
-免費紓壓按摩，員工好放鬆。 
-生日津貼、三節禮金/禮券，員工好窩心。 

【團隊合作，打造歸屬感】
-專屬學長學姊制，帶領新人上手。 
-首創聯賣系統，同仁互相幫忙不藏私。
-團隊合作創高績效，經紀人除可獲得個人業績獎金，還可分配團體獎金。
-多元社團活動，如籃球賽、壘球賽、羽球賽，紓解工作壓力。 
-員工休息室與聯誼廳，平日紓壓打氣，互相交流情感。 

【成家到安家，幸福百分百】
-舉辦大型尾牙，及免費返鄉專車。
-鼓勵班對，在永慶一圓成功及成家的夢想。 
-提供經紀人員租屋補助、購置機車、ipad之無息貸款，打拼更安心。 
-導入EAP員工協助方案，舉辦「幸福講座」，分享交流生活點滴。 
-提供勞保、健保及團保(意外傷害、住院醫療及意外險)多重的保障。",聯絡人:袁小姐email:,https://www.104.com.tw/job/ajax/content/7pxat,0,0,0,0,0,0,0,0,0,0,0,0,0,0,0,0
國立臺灣師範大學_教育政策與行政研究所,統計及資料分析員(教職人力資料庫計畫),"一、專案管理：計畫性質為教育研究、教育政策取向
(一)提案：計畫書撰寫。
(二)文書處理、業務聯繫、檔案管理。
(三)專案執行與進度、成本管控等。
(四)結案之簡報、期中、期末報告書撰寫。

二、資料填報及問卷調查實施：
(一)執行學校校務資料填報作業。
(二)執行師生問卷調查作業。
(三)系統測試與回饋，網路填報設定。

三、資料庫(含調查)資料處理與分析：
(一)線上填答/填報原始資料之清理、彙整、比對及資料品管。
(二)資料庫(含調查)資料之統計與服務。

四、成果推廣：
(一)協助專題研討、教育訓練或說明會、工作坊、大型研討會等活動辦理。
(二)發行電子報、製作統計年報及分析報告等。
(三)延伸資料庫應用於跨資料庫整合或調查研究",工作經驗:不拘,接受身分:應屆畢業生、日間就讀中、夜間就讀中、原住民,"專任/正職員工福利：
1.年終獎金1.5個月
2.員工紅利/酬勞(獨立發放，不與年終獎金重複)
3.三節獎金/禮品
4.不定期員工旅遊
5.彈性上下班、經主管核准可遠端辦公
6.健檢優惠
7.三校聯盟合作之特約商店優惠
8.校區圖書館免費借閱
9.校區汽機車停車優惠",聯絡人:周先生email:,https://www.104.com.tw/job/ajax/content/71jcx,0,1,0,1,0,0,0,0,0,0,0,1,0,0,0,0
金車股份有限公司,資料分析員－啤酒事業部,"•	具EXCEL報表彙總
•	公司內部產品資料分析
•	蒐集、分析啤酒相關競品市場現況
•	分析全省營業所與整理部門之經營績效
•	提出分析報告，以提供業務單位推動相關策略
•	透過促銷案，交叉比對找出潛在客戶，以提升行銷推廣之效益
•	訂貨事宜
•	主管交辦事項
",工作經驗:不拘,接受身分:,"【獎金 / 禮品類】
1. 年終獎金。
2. 尾牙禮金。
3. 生日禮金。
3. 每月福利品。
4. 三節依公司營運加發禮品。
5. 績效獎金。

【保險類】
1. 勞工保險。
2. 全民健康保險。

【餐飲類】
1.免費供三餐或伙食費補助。

【設備類】
1.員工餐廳。

【娛樂類】
1. 部門聚餐。
2. 年度尾牙聯歡晚會。

【補助類】
1. 結婚補助。
2. 生育補助。
3. 住院慰問金。
4. 退休金提撥。
5. 旅遊補助津貼。
6. 員工購物優惠。
7. 員工及眷屬喪葬補助。

【請 / 休假制度】
1. 陪產假。
2. 產檢假。
3. 育嬰假。
4. 特別休假。
5. 家庭照顧假。
6. 女性同仁生理假。
7. 更多假別皆依照勞基法規定。

【其他】
1. 良好升遷制度。
2. 定期免費健康檢查。
3. 完整的內外教育訓練課程。
4. 員工各項職能認證教育訓練補助。
 ",聯絡人:林小姐email:,https://www.104.com.tw/job/ajax/content/7oywx,0,0,0,0,0,0,0,0,0,0,0,0,0,0,0,0
烏龜移動科技股份有限公司,資料分析師,"蝙蝠移動的核心服務是提供客戶專屬的私有化 DMP（Data Management Platform 數據分析管理平台）。和每個客戶一起建立真正屬於自己產業 domain-knowledge 的數據分析管理平台，從技術和商業策略兩個面向完整的走完這個 Data Journey~

蝙蝠移動公司官網：
http://www.batmobile.com.tw

媒體報導：
1. https://www.inside.com.tw/2017/03/15/dmp
2. http://www.brain.com.tw/news/articlecontent?ID=44515&sort
3. http://www.brain.com.tw/news/articlecontent?ID=23162&sort=

1. 數據分析、挖掘、建模、模式評估等相關工作，並進行模型評估 
2. 資料視覺化設計
3. 熟悉預測方法、發展推薦演算法、個人化演算法
4. 爬蟲程式開發，並進行文字探勘",工作經驗:不拘,接受身分:應屆畢業生,"專業技能進修補助 
部門聚餐  
週休二日 
三節獎金
津貼補助
優於勞基法的休假制度 
每年身體健康檢查 
外語學習補助

貓跳舞員工福利制度依 ""貓跳舞""公司規定施行",聯絡人:chiencharlieemail:,https://www.104.com.tw/job/ajax/content/63jf9,0,0,0,0,0,0,0,0,0,0,0,0,0,0,0,0
OK超商_來來超商股份有限公司,【總公司】資訊部-資料分析專員,"1.執行BI相關系統建置，透過工具呈現分析報表，以快速提供公司營運管理資訊。
2.解決使用者反應之系統異常問題，以維持BI系統正常運作。
3.監控資料處理相關系統排程，以維持BI系統排程正常運作。
4.進行資料探勘，挖掘商業情資，供公司擬定營運策略之參考。
5.建立統計分析模型，並將模型進行系統化與自動化建置。
6.進行自主工作管理，並與團隊成員間共同合作。
7.其它相關交辦事項。",工作經驗:不拘,接受身分:應屆畢業生、原住民、新住民、二度就業,"福利與訓練制度：

【薪酬福利】
# 依市場薪資水準評估薪資調整專案
# 生日禮金(券)、中秋及端午節禮品(券)
# 年終獎金
# 特休假
# 旺年餐會
# 年度免費健檢
# 員工旅遊
# 員工婚喪喜慶及生育補助
# 傷病慰問、急難救助
# 員工社團補助
# 不定期員工團購優惠活動
# 資深員工獎勵
# 內部加盟優惠
# 員工哺(集)乳室

【教育訓練】
# 完善的新人訓練
# 各部門專業訓練
# 數位學習平台：OK e學堂 

【暢通的升遷管道】
# 依個人表現每年評估兩次考績，並與晉升制度結合，發展機會佳。 

─ 福利制度依全/兼職夥伴身分 與 各年度營運狀況有所調整 ─",聯絡人:HRemail:,https://www.104.com.tw/job/ajax/content/4jtjx,0,0,0,0,0,0,0,0,0,1,0,0,0,0,0,0
資通電腦股份有限公司,資料分析專員,"資通電腦在金融服務深耕約 20 年，自有產品「國內外匯電腦整合系統」與「海外分行核心系統」協助銀行佈局到多個金融市場，近年成立金融合規服務部門，以法遵科技(Regtech)的角度，針對金融合規申報(Regulatory Reporting)與洗錢防制(AML)提供服務，前者為自有產品Nuntio法規申報報表平台，已在香港(HKMA)、澳洲(APRA)建立實績，接續為銀行在美國(FFIEC)與柬埔寨(NCB)提供服務，後者代理Siron解決方案，為金融客戶提供導入服務，國內已有銀行採用。

如果您有意願往Regtech領域發展，歡迎參加我們的團隊，您會負責以下項目：
1.學習與操作系統(法報申報或洗錢防制系統)
2.理解客戶所提情境與條件，調整系統參數並驗證
3.與顧問合作處理系統問題或調整系統參數
4.撰寫與執行測試計劃，完成測試紀録 
5.參與專案團隊，回報工作項目狀態或應追蹤議題
",工作經驗:不拘,接受身分:原住民,"◆ 分紅/配股 
◆ 三節獎金/禮品與資深員工禮品 
◆ 勞健保、團保
◆ 旅遊、部門聚餐、員工大會、社團
◆ 介紹、績效、提案獎金、教育訓練
◆ 週休二日、特休假、陪產假、家庭照顧假、生理假、育嬰假、健檢假 、疫苗假
（到職當年即享有特休假(依七天到職比例計算)）
◆ 彈性上下班制度
◆ 健檢、特約商店、哺乳室
◆ 結婚禮金、生日禮金、生育津貼、進修、旅遊補助、公務機通話費補助、專業證照補助與獎金

以上福利制度為正職員工所享有。",聯絡人:李耕培email:friedberg@ares.com.tw,https://www.104.com.tw/job/ajax/content/7ayzx,0,0,0,0,0,0,0,0,0,0,0,0,0,0,0,0
今網智慧科技股份有限公司,【台中】資料分析管理師,"Hi, 智生活平台產品團隊擴編中！我們正在尋找資料分析人才

今網智生活主要以社區為原點，打造整合性社區週邊服務的平台，致力於透過智生活服務平台創造智慧社區與智慧生活，目前團隊負責平台商業模式如下：
 智慧社區物業管理平台：物業管理、智慧社區AIOT應用
 社區O2O生活服務平台：寄件、叫車、洗衣、家電清洗等居家服務
 還有更多正在長大的商業模式：廣告、訂閱制服務等等

。
【工作內容】
一、統整及管理企業內部數據應用需求，並轉化為開發/系統規格
1. 與RD協作設計企業應用資料庫(含CRM、產品DB、訂單DB等等)，追蹤並管理RD資料探勘、處理、分析、匯總的架構設計
2. 接收內部數據分析需求，執行分析工作，產出結論與洞見
3. 負責內部同仁日常營運所需之數據分析工具教育訓練
4. 管理數據分析/資料處理相關的專案，需熟練跨部門溝通&協作

二、依循數據驅動設計，負責智生活產品潛在商機及解決方案的應用分析及判讀
1.依據團隊客戶行為分析、畫像(persona)描繪，進行解釋與預測，並撰寫分析報告(如預測趨勢或客戶行為)，並設計Persona分群貼標與應用評估架構。

職務需求
【必備條件】
1.高度數據導向，擅長透過數據分析解讀，優化商業營運績效。
2.熟悉資料庫、特徵工程、機器學習，以及大數據架構與經驗佳
3.主動積極，抗壓性高，團隊配合度高，具資料可視化及簡報能力
4.良好的溝通協調能力，整合公司產品、設計、市場團隊等各方面資源，進行有效溝通。
5. 具備向上、水平管理之能力，邏輯清晰面對需求能夠迅速分析，找出最佳解決方案。
6. 具備自主學習能力，面對問題及挑戰能自行在專業能力定期精進及成長，成為團隊成長的動能

【加分條件】
1.資料科學/數據分析/資料工程相關經驗
2.具SQL資料庫程式撰寫能力
3.具Python資料分析及資料工程程式能力

【工作文化】
目標導向、敏捷迭代
所有功能開發及決策都是為了追求的是具體成效，例如收益增加多少，點擊率提升多少，並透過規劃及執行的持續迭代，直到目的達成為止。
當責文化、自主決策
你將需要協助團隊做出對公司最好的決策，並爭取公司資源投入你的專案，可行性評估包括事前的相關數據搜集分析、風險評估、利益關係人分析。
年輕開放、高成長性
設計團隊年輕，彼此可以獨立作業，也可以相互支持，具有活潑、熱情的工作氛圍。

如果你符合以下特質，請盡快與我們聯繫
1、熱衷於設計真正有價值的商業模式或服務
2、勇於挑戰，不怕失敗，只怕沒機會嘗試
3、不受限既有的思維模式，勇於帶領自己與他人突破與創新
4、解決顧客問題，為顧客創造WOW的使用體驗會讓你感到非常有成就感
5、兼具理性與感性，能夠理性的產品設計與資訊架構，也能創造感性的顧客體驗
6、樂與分享，願意接納別人想法，同時透過回饋想法跟意見，讓產品變得更好",工作經驗:不拘,接受身分:應屆畢業生,"◇ 獎金福利 -- 您的成長與努力我們看得見 ◇
-團保
-月獎金、季獎金、專案獎金、績效獎金、春節獎金
-公司購物金、同仁推薦獎金
-員工認股及分紅制度

◇ 訓練職能 -- 依照職能規劃讓您成長茁壯 ◇ 
-完整內/外訓課程、共訓課程、TTQS認證辦訓
-線上課程、專業職能進修
-百本書籍圖書區、Workshop讀書會
-新人關懷、定期與主管1on1談談

◇ 休假補助各項福利 -- 照顧您的日常所需不定期提供驚喜 ◇ 
-特休、生日假、彈性上下班(視部門需求)
-員購優惠、外勤油資津貼
-各項生育、婚喪喜慶補助
-子女獎助學金
-旅遊補助、員工旅遊、健康檢查
-部門聚餐、免費咖啡零食與氣泡水機、紓壓按摩小物
-我愛運動比賽、凝聚力比賽、生活平衡課程
-不定期免費電影票、文藝劇場票卷

",聯絡人:陳小姐email:dora.chen@smartdaily.com.tw,https://www.104.com.tw/job/ajax/content/7efcf,0,0,0,0,0,0,0,0,0,1,0,0,0,0,0,0
新安東京海上產物保險股份有限公司,資料分析師,"作為網路上販售保險知名的保險公司，我們想要找一位資料科學家，能獨立進行大量數據的清洗、特徵洞察，並與行銷部門合作，建置行銷、銷售或預測模型，同時運用BI軟體製作數據儀表板及資料視覺化。
雖然保險較為生澀，但基於對數據上的應用，我們會針對所需的知識提供豐富的教育訓練，讓加入的同仁能迅速了解保險產業的特性
在快速成長且變化迅速的電商環境，我們期待你喜歡變化、具備強烈的好奇心、熱愛挑戰，能共同探索並推動創新數據應用服務的夥伴。
如果你具備上述能力與條件，歡迎您來了解並加入我們的團隊，謝謝。",工作經驗:7年以上,接受身分:,"新安東京海上除了在商品研發及服務流程持續不斷地追求精益求精外，為吸引更多優秀人才的加入，在薪資福利及人員訓練發展的規畫上更是不遺餘力。
公司提供同仁：
◎完善方便的工作環境及具發展潛力的工作機會；
◎具競爭力的整體薪酬與福利，並依職務別、工作地點與專業津貼進行薪資調整。
◎完整的職涯發展計劃及量身訂做的教育訓練：讓同仁於不同的階段循序漸進地得取得應有之能力與經驗，此項培訓制度更於2007年榮獲『台灣保險卓越獎-人才培訓卓越獎』，同年亦獲得國家職訓局頒布『協助企業人力資源提升計畫-個別型』的最高等級白金級。",聯絡人:劉先生email:,https://www.104.com.tw/job/ajax/content/7yllw,0,0,0,1,0,0,0,0,0,1,0,0,0,0,0,0
